"Order ID","Tour Name","Contact Name","Contact Email","Contact Number","Customer's Note","Booking Date","Travel Date",Package,"Total Price","Traveller Info","Payment Status","Link To Transaction"
#18,"Wine Tour Barolo from Milan","a b",nao.null@gmail.com,11," ","May 3, 2023","May 10, 2023",,$185.30,"mr 1 2 ",Pending,http://localhost/tour/wp-admin/admin.php?tour_id&page=tourmaster_order&single=18
#17,"Wine Tour Barolo from Milan","c d",nao.null@gmail.com,1," ","May 3, 2023","May 11, 2023",,$185.30,"mrs a b ",Pending,http://localhost/tour/wp-admin/admin.php?tour_id&page=tourmaster_order&single=17
#16,"Wine Tour Barolo from Milan","3 4",nao.null@gmail.com,5," ","April 20, 2023","April 20, 2023",,$0.00,"mr 1 2 ",Departed,http://localhost/tour/wp-admin/admin.php?tour_id&page=tourmaster_order&single=16
#14,"Wine Tour Barolo from Milan","3 4",nao.null@gmail.com,5," ","April 20, 2023","April 20, 2023",,$185.30,"mr 1 2 ",Pending,http://localhost/tour/wp-admin/admin.php?tour_id&page=tourmaster_order&single=14
#11,"Amazing Winesafari in Montefalco","a b",nao.null@gmail.com,123," ","April 6, 2023","April 7, 2023",,$119.90,"mr a b ",Pending,http://localhost/tour/wp-admin/admin.php?tour_id&page=tourmaster_order&single=11
#10,"Wine Tour Barolo from Milan","a b",nao.null@gmail.com,1," ","April 1, 2023","April 7, 2023",,$185.30,"mr 1 2 ",Pending,http://localhost/tour/wp-admin/admin.php?tour_id&page=tourmaster_order&single=10
#9,"Wine Tour Barolo from Milan","1 2",nao.null@gmail.com,3," ","February 18, 2023","February 18, 2023",Array,"$1,874.80","mr 1 2 ","Receipt Submitted",http://localhost/tour/wp-admin/admin.php?tour_id&page=tourmaster_order&single=9
#8,"Wine Tour Barolo from Milan","1 2",nao.null@gmail.com,3," ","February 16, 2023","February 16, 2023",Array,"$3,749.60","mr 1 2 , 
mr 3 4 ",Departed,http://localhost/tour/wp-admin/admin.php?tour_id&page=tourmaster_order&single=8
#7,"Wine Tour Barolo from Milan","1 2",nao.null@gmail.com,3," ","February 16, 2023","February 16, 2023",Array,"$3,749.60","mr 1 2 , 
mr 3 4 ","Deposit Paid",http://localhost/tour/wp-admin/admin.php?tour_id&page=tourmaster_order&single=7
#6,"Amazing Winesafari in Montefalco","3 4",nao.null@gmail.com,5," ","January 22, 2023","January 22, 2023",,$119.90,"mr 1 2 ",Departed,http://localhost/tour/wp-admin/admin.php?tour_id&page=tourmaster_order&single=6
#5,"Wine Tour Barolo from Milan","3 4",nao.null@gmail.com,5," ","January 19, 2023","January 31, 2023",Standard,"$1,874.80","mr 1 2 ","Deposit Paid",http://localhost/tour/wp-admin/admin.php?tour_id&page=tourmaster_order&single=5
#1,"Amazing Winesafari in Montefalco","test test",nao.null@gmail.com,123," ","January 13, 2023","January 13, 2023",,$239.80,"mr 2 3 , 
mr 4 5 ","Deposit Paid",http://localhost/tour/wp-admin/admin.php?tour_id&page=tourmaster_order&single=1
